{"cameraMode":{"drawMode":0,"name":"Shaded","section":"Shading Mode"},"sceneLighting":false,"audioPlay":false,"sceneViewState":{"m_AlwaysRefresh":false,"showFog":true,"showSkybox":true,"showFlares":true,"showImageEffects":true,"showParticleSystems":true,"showVisualEffectGraphs":true,"m_FxEnabled":false},"in2DMode":false,"pivot":{"x":-35.36655044555664,"y":5.853215217590332,"z":-1.5308363437652588},"rotation":{"x":-0.022309545427560808,"y":-0.7621935606002808,"z":-0.026307176798582078,"w":0.6464389562606812},"size":12.545936584472657,"orthographic":false}